city,predicted_time,hours_ahead,predicted_temperature,predicted_aqi_index
Chennai,2026-10-01 10:26:07,1,31.19,1.97
Chennai,2026-10-01 12:26:07,3,31.08,1.92
Chennai,2026-10-01 15:26:07,6,30.91,1.85
Chennai,2026-10-02 09:26:07,24,29.91,1.42
Coimbatore,2026-10-01 10:26:07,1,27.05,1.51
Coimbatore,2026-10-01 12:26:07,3,26.74,1.54
Coimbatore,2026-10-01 15:26:07,6,26.29,1.57
Coimbatore,2026-10-02 09:26:07,24,23.56,1.78
Madurai,2026-10-01 10:26:07,1,29.86,2.03
Madurai,2026-10-01 12:26:07,3,29.66,2.08
Madurai,2026-10-01 15:26:07,6,29.37,2.15
Madurai,2026-10-02 09:26:07,24,27.64,2.58
