timestamp,city,temperature,feels_like,humidity,weather_desc,wind_speed,aqi_index,aqi_label,pm2_5,pm10,co,no2,o3
2026-09-29 15:19:20,Chennai,33.59,40.59,68,broken clouds,5.23,3,Moderate,23.61,27.73,213.64,3.48,109.33
2026-09-29 15:19:20,Coimbatore,33.58,34.04,37,overcast clouds,5.86,1,Good,5.08,7.05,116.51,2.34,51.95
2026-09-29 15:19:20,Madurai,34,37.11,46,overcast clouds,4.06,1,Good,4.51,6.42,134.9,3.87,55.01
2026-09-29 15:28:26,Chennai,33.59,40.59,68,broken clouds,5.23,3,Moderate,23.61,27.73,213.64,3.48,109.33
2026-09-29 15:28:26,Coimbatore,33.58,34.04,37,overcast clouds,5.86,1,Good,5.08,7.05,116.51,2.34,51.95
2026-09-29 15:28:26,Madurai,34,37.11,46,overcast clouds,4.06,1,Good,4.51,6.42,134.9,3.87,55.01
2026-10-01 08:56:13,Chennai,30.55,37.55,77,broken clouds,2.14,2,Fair,18.3,22.79,444.92,7.78,36.4
2026-10-01 08:56:13,Coimbatore,26.37,26.37,74,overcast clouds,0.81,2,Fair,10.72,22.42,341.67,11.06,13.13
2026-10-01 08:56:13,Madurai,29.01,32.75,70,few clouds,2.43,2,Fair,15.4,25.57,399.29,13.48,15.56
2026-10-01 09:26:07,Chennai,31.96,38.96,70,broken clouds,2.83,2,Fair,18.1,21.72,354.38,5.35,74.89
2026-10-01 09:26:07,Coimbatore,28.09,30.71,69,overcast clouds,0.54,1,Good,7.97,15.2,245.74,8.35,27.31
2026-10-01 09:26:07,Madurai,30.93,35.46,63,light rain,2.55,2,Fair,10.44,17.28,290.01,9.9,33.24
2026-10-01 09:26:07,Salem,30.3,36.31,72,overcast clouds,0.3,2,Fair,13.94,18.64,381.45,12.28,44.14
2026-10-01 09:26:07,Trichy,30.75,37.75,85,overcast clouds,2.32,2,Fair,9.86,11.68,219.54,3.6,62.94
2026-10-01 09:26:07,Tirunelveli,31.96,36.11,57,overcast clouds,3.4,1,Good,3.06,5.95,112.54,2.08,39.69
